,Topic 1,Topic 2,Topic 3,Topic 4,Topic 5,Topic 6,Topic 7,Topic 8,Topic 9,Topic 10,Topic 11,Topic 12,Topic 13,Topic 14,Topic 15,Topic 16,Topic 17,Topic 18,Topic 19,Topic 20,Topic 21,Topic 22,Topic 23,Topic 24,Topic 25,Topic 26,Topic 27
1,,,,blackwel,content,,,,,,,,,,,,,,,,,,,,,,
2,,,,torino,download,,,,,,,,,,,,,,,,,,,,,,
3,,,,itali,jstor,,january,,,mon,,,,,,,,,,,,,,,,,
4,,,,thus,jan,,february,,,tue,,,,,,,,,,,,,,,,,
5,,,,torino,feb,,march,,,wed,,,,,,,,,,inde,,,,,,,
6,,,,thing,mar,,april,,,thu,,,,,will,,,,,utc,,,,,,,
7,,,,just,april,,may,,,fri,,,,,,,,,,biblioteca,,,,,,,
8,,,,download,sep,,june,,,sat,,,,,,,,,franc,facil,,,,,,,
9,,,,wiley,oct,,july,,,sun,,,,,,,,,van,cognetti,,,,,,,
10,,,,uaf,nov ,,august,,,zir,,,,,,,,,,martii,,,,,,,
11,,,,figur,dec,,september,,,wherea,,,,,,,,,,dipeconomia,,,,,,,
12,,,,,uf,,october,,,december,,also,,,,,,,des,,,,,,,,
13,,,,,ufuf,,november,,,without,,one,,,,,,,see,,,,,,,,
14,,,,,ufufuf,,howev,,,decemb,,dth,,,,,,,,,,,,,,,
15,,,,,ufufufuf,,whether,,,van,,tion,,,,,,,,,,,,,,,
16,,,,,,,,,,can,,ment,,,,,,,,,,,,,,,
17,,,,,,,,,,take,,con,,,,,,,der,,,,,,,,
18,,,,,,,,,,afqt,,tive,,,,,,,,,,,,,,,
19,,,,,,,,,,can,,nomic,,,,,,,und,,,,,,,,
20,,,,,,,,,,see,,,,,,,,,,,,,,,,,
21,,,,,,,,,,deg,,,,,,,,,,,,,,,,,
22,,,,,,,,,,,,,,,,,,,,,,,,,,,
23,,,,,,,,,,,,,,,,,,,vol,,,,,,,,
24,,,,,,,,,,,,,,,,,,,,,,,,,,,
25,,,,,,,,,,,,,,,,,,,,,,,,,,,
26,,,,,,,,,,,,,,,,,,,,,,,,,,,
27,,,,,,,,,,,,,,,,,,,,,,,,,,,
28,,,,,,,,,,,,,,,,,,,,,,,,,,,
29,,,,,,,,,,,,,,,,,,,,,,,,,,,
30,,,,,,,,,,,,,,,,,,,,,,,,,,,
31,,,,,,,,,,,,,,,,,,,die,,,,,,,,
32,,,,,,,,,,,,,,,,,,,,,,,,,,,
33,,,,,,,,,,,,,,,two,,,,,,,,,,,,
34,,,,,,,,,,,,,,,year,,,,,,,,,,,,
35,,,,,,,,,,,,,,,one,,,,,,,,,,,,
36,,,,,,,,,,,,,,,can,,,,,,,,,,,,
37,,,,,,,,,,,,,,,first,,crossref,,,,,,,,,,
38,,,,,,,,,,,,,,,,,,,,,,,,,,,
39,,,,,,,,,,,,,,,,,,,,,,,,,,,
40,,,,,,,,,,,,,,,,,,,,,,,,,,,
