;V1;V2;V3;V4;V5;V6;V7;V8;V9;V10;V11;V12;V13;V14;V15;V16;V17;V18;V19;V20;V21;V22;V23;V24;V25;V26;V27
1;;;;;;;;–;;;;;;;;;;;;;;;;;;;
2;;;;;;;;;;;;;;;utc;;;;;;;;;;;;
3;;;;–;;;;;;±;;;;;;;;;;;;;;;;;lin
4;;;;;•;;–;;;;;;;;;;;;;;;;;;;;
5;;;;;;;;;;;;;;;;;;;;;;;–;;;;
6;;;;;;;;;;;;;;;;;;;;;;;;;;;
7;;;;;;;;;;;;;;;;;;;;;;;;;;;
8;;;;;;;;;;;;;;;;;;;;;;;;;;;
9;;;;;;;“;;;;;;;;;;;;;;;;’;;;;
10;;;;;;;;;;;;;;;;;;;;;;;;;;;
11;;;;;;;;;;;;;;;;;ed;;;;;;;;;;
12;;;;;;;;;;;;;;;;;;;;;;‘;;;;;
13;;;;;;;;;;;;;;;;;;;;;pt;;;;;;
14;;;;;;;;;;;;;;;;;;;;;;;;;;;
15;;;;;;;;;;;;;;;;;;;;;;;;;;;
16;;;;;;;;;;;;;;;;;;;;;;;;;;;
17;;;;;;;;;;;;;;;;;;;;;;;;;;;
18;;;;;;;;;;;;;oo;;;;;;;;;;;;;;
19;;;;;;;;;;;‘‘;;;;;;;;;;;;;;stu;;yifu
20;;;;;;;;;;;;;cp-;;;;;;;;;;;;;;
21;;;;;;;;;;;;;;;;;;;;;;;;;;;
22;;;;;“;;;;;;;;;;;;;;;;;;;;;;
23;;;;;;;;;;;;;;;;;;;;;;;;;;;
24;;;;;;;;;;;;;;;;;;;;;;;;;;;
25;;;;;;;;;;;;;;;;;;;;;;;;;;;
26;;;eds;;;;;;;;;;;;;;;;;;;;;;;;
27;ity;;;;;;;;;;;;;;;;;;;;;;ltd;;;;
28;;;;;;;;;;;;;vol;;;;;;;;;;;;;;
29;;;;;;;;;;;ii;;;;;;;;;;;;;;;;
30;;jan;;;;;;;;;;;;;;;;;;;;;;;;;
